,name,train,val,test
0,val_ATT_loss,1.774485831517779,1.7431667436703888,1.7442562172089506
1,val_VAL_loss,2.2433430313962903,2.241764208251783,2.240591015691992
2,val_ATT_acc,85.92791079609302,91.41347424042272,91.23803595050968
3,val_VAL_acc,76.01348431152218,75.53581500282009,76.42756680731364
4,val_VAL_acc_k,96.80179790820296,96.67230682459109,96.52601969057665
5,val_VAL_jac_k,0.7064712607507131,0.7164645380578468,0.7166900849375879
