,name,train,val,test
0,val_ATT_loss,1.7565835633068272,1.739774341706536,1.7406641053928298
1,val_VAL_loss,2.2456263452687293,2.239502864976723,2.238977269067621
2,val_ATT_acc,90.08557351542916,94.69267231331105,94.10162633258112
3,val_VAL_acc,75.91840262771198,78.18668922729837,78.21378340365682
4,val_VAL_acc_k,98.43547411185064,98.68866328257191,98.36849507735583
5,val_VAL_jac_k,0.7273100527271156,0.7554756074185702,0.7528129395218003
