,name,train,val,test
0,val_ATT_loss,1.7533646266581873,1.7534007382780823,1.7549444919394834
1,val_VAL_loss,2.246282076755826,2.243724589867543,2.2431271047005157
2,val_ATT_acc,93.31835076497536,96.27787706892532,96.0080927554276
3,val_VAL_acc,80.041490189299,80.8798646362098,80.9001406469761
4,val_VAL_acc_k,98.4700492695998,98.71686407219403,98.60759493670886
5,val_VAL_jac_k,0.7408591926700665,0.735030103792125,0.7343881856540084
