,name,train,val,test
0,val_ATT_loss,1.7585874081168393,1.778305564954372,1.7802643440017554
1,val_VAL_loss,2.2452723640341206,2.243987035917145,2.2434711464802786
2,val_ATT_acc,91.3562105627107,95.39979796409978,95.25328768189246
3,val_VAL_acc,77.57801019967154,78.34179357021996,78.91701828410689
4,val_VAL_acc_k,97.95142190336243,98.0400451212634,98.19971870604782
5,val_VAL_jac_k,0.7265537211513527,0.7247602244386281,0.7238865676643812
