,name,train,val,test
0,val_ATT_loss,1.7831174773140006,1.7703492257108335,1.7724801853264402
1,val_VAL_loss,2.2507561734790102,2.248278385214455,2.2481716381449837
2,val_ATT_acc,90.65606361829026,95.09674411376176,94.61520504240916
3,val_VAL_acc,77.1198893594952,78.80710659898476,78.48101265822784
4,val_VAL_acc_k,98.48733684847437,98.40665538635082,98.41068917018283
5,val_VAL_jac_k,0.7062768176943772,0.7053487727148547,0.6984528145877286
