,name,train,val,test
0,val_ATT_loss,1.7494710804853661,1.7406656021971707,1.7408476232220726
1,val_VAL_loss,2.250396115243827,2.24837085743357,2.247687828987344
2,val_ATT_acc,91.58094908808022,96.86067293495998,96.79402381137655
3,val_VAL_acc,79.15982366669549,80.52735476593344,80.52039381153305
4,val_VAL_acc_k,98.66885642665744,98.70276367738296,98.8607594936709
5,val_VAL_jac_k,0.7442374455711384,0.7524675690919346,0.7521917716024965
